refno,PCON11CD,Constituency,Estimated Leave proportion,Known result,Figure to use,Notes,Region,Errors,
318,E14000752,Hornsey and Wood Green,0.1848122852,0.2498291003,0.2498291003,http://www.bbc.co.uk/news/uk-politics-38762034,London,0.06501681512,-0.001721662223
590,E14001008,Vauxhall,0.1927288176,0.2242839619,0.2242839619,http://www.bbc.co.uk/news/uk-politics-38762034,London,0.03155514435,
229,S14000023,Edinburgh North and Leith,0.1941454782,0.2179552346,0.2179552346,,Scotland,0.02380975636,
102,E14000602,Bristol West,0.2040519927,0.2071150843,0.2071150843,http://www.bbc.co.uk/news/uk-politics-38762034,South West,0.003063091605,
280,E14000720,Hackney North and Stoke Newington,0.2094955837,NA,0.2094955837,,London,,
206,E14000673,Dulwich and West Norwood,0.2205254119,NA,0.2205254119,,London,,
281,E14000721,Hackney South and Shoreditch,0.221796833,NA,0.221796833,,London,,
544,E14000978,Streatham,0.2241244158,0.2053967406,0.2053967406,http://www.bbc.co.uk/news/uk-politics-38762034,London,-0.01872767524,
38,E14000549,Battersea,0.2303755679,NA,0.2303755679,,London,,
290,E14000727,Hampstead and Kilburn,0.234826777,NA,0.234826777,,London,,
334,E14000763,Islington North,0.2350021222,0.2161112362,0.2161112362,http://www.bbc.co.uk/news/uk-politics-38762034,London,-0.01889088599,
230,S14000024,Edinburgh South,0.2361405799,0.2215338737,0.2215338737,,Scotland,-0.01460670619,
363,E14000789,"Lewisham, Deptford",0.2466929651,NA,0.2466929651,,London,,
574,E14000998,Tooting,0.2532017438,NA,0.2532017438,,London,,
98,E14000598,"Brighton, Pavilion",0.2567763142,NA,0.2567763142,,South East,,
469,S14000021,East Renfrewshire,0.2568141894,0.2568141894,0.2568141894,,Scotland,0,
335,E14000764,Islington South and Finsbury,0.2613699424,0.2828310011,0.2828310011,http://www.bbc.co.uk/news/uk-politics-38762034,London,0.02146105869,
389,E14000809,"Manchester, Withington",0.2630734275,NA,0.2630734275,,North West,,
119,E14000617,Cambridge,0.2647545662,0.262252731,0.262252731,http://www.bbc.co.uk/news/uk-politics-38762034,East of England,-0.002501835168,
209,S14000018,East Dunbartonshire,0.2670022732,NA,0.2670022732,,Scotland,,
462,E14000887,Putney,0.2685141314,NA,0.2685141314,,London,,
231,S14000025,Edinburgh South West,0.2686276599,0.2786164648,0.2786164648,,Scotland,0.009988804865,
370,E14000793,"Liverpool, Riverside",0.2688889708,NA,0.2688889708,,North West,,
49,E14000553,Bermondsey and Old Southwark,0.2700401192,NA,0.2700401192,,London,,
621,E14001040,Wimbledon,0.2704628268,0.2936939468,0.2936939468,http://www.bbc.co.uk/news/uk-politics-38762034,London,0.02323112002,
316,E14000750,Holborn and St Pancras,0.2742120802,0.2665874363,0.2665874363,http://www.bbc.co.uk/news/uk-politics-38762034,London,-0.007624643916,
264,S14000031,Glasgow North,0.2765831581,0.2162047426,0.2162047426,,Scotland,-0.06037841552,
473,E14000896,Richmond Park,0.2770387111,NA,0.2770387111,,London,,
262,S14000029,Glasgow Central,0.2802114198,0.2875060852,0.2875060852,,Scotland,0.007294665341,
218,E14000674,Ealing Central and Acton,0.282278614,0.2915028059,0.2915028059,http://www.bbc.co.uk/news/uk-politics-38762034,London,0.009224191903,
151,E14000639,Cities of London and Westminster,0.286318407,NA,0.286318407,,London,,
267,S14000034,Glasgow South,0.2870408505,0.2819188863,0.2819188863,,Scotland,-0.005121964178,
232,S14000026,Edinburgh West,0.2895097917,0.2876601964,0.2876601964,,Scotland,-0.001849595316,
140,E14000629,Chelsea and Fulham,0.2921402094,NA,0.2921402094,,London,,
266,S14000033,Glasgow North West,0.2997350125,0.3149285296,0.3149285296,,Scotland,0.01519351707,
117,E14000615,Camberwell and Peckham,0.3019691475,NA,0.3019691475,,London,,
126,W07000050,Cardiff Central,0.3035441463,NA,0.3035441463,,Wales,,
504,E14000919,Sheffield Central,0.3040721727,NA,0.3040721727,,Yorkshire and The Humber,,
228,S14000022,Edinburgh East,0.3047810109,0.2763678537,0.2763678537,,Scotland,-0.02841315718,
252,E14000703,Finchley and Golders Green,0.3091974839,NA,0.3091974839,,London,,
52,E14000555,Bethnal Green and Bow,0.3093190508,NA,0.3093190508,,London,,
286,E14000726,Hammersmith,0.3103877818,NA,0.3103877818,,London,,
340,E14000768,Kensington,0.3135044346,NA,0.3135044346,,London,,
36,E14000547,Bath,0.3169279409,NA,0.3169279409,,South West,,
533,S14000057,Stirling,0.322849138,0.3219611271,0.3219611271,http://www.bbc.co.uk/news/uk-politics-38762034,Scotland,-0.0008880109192,
443,E14000873,Oxford East,0.3231255145,NA,0.3231255145,,South East,,
4,S14000002,Aberdeen South,0.3232565417,NA,0.3232565417,,Scotland,,
615,E14001036,Westminster North,0.3297510088,NA,0.3297510088,,London,,
578,E14001002,Tottenham,0.3339574162,0.2377702633,0.2377702633,http://www.bbc.co.uk/news/uk-politics-38762034,London,-0.09618715291,
581,E14001005,Twickenham,0.3367556087,NA,0.3367556087,,London,,
321,E14000755,Hove,0.3392146965,NA,0.3392146965,,South East,,
456,E14000882,Poplar and Limehouse,0.3418642886,NA,0.3418642886,,London,,
446,S14000053,Paisley and Renfrewshire South,0.3418975385,NA,0.3418975385,,Scotland,,
365,E14000788,Lewisham West and Penge,0.3446838064,NA,0.3446838064,,London,,
278,E14000718,Greenwich and Woolwich,0.3469088718,0.356656796,0.356656796,http://www.bbc.co.uk/news/uk-politics-38762034,London,0.009747924153,
16,W07000057,Arfon,0.3490749007,NA,0.3490749007,,Wales,,
366,E14000790,Leyton and Wanstead,0.3500550486,NA,0.3500550486,,London,,
224,S14000020,East Lothian,0.3539559572,0.3539559572,0.3539559572,,Scotland,0,
354,E14000780,Leeds North West,0.3539748898,NA,0.3539748898,,Yorkshire and The Humber,,
364,E14000787,Lewisham East,0.3544815509,NA,0.3544815509,,London,,
348,S14000042,Lanark and Hamilton East,0.3546686261,NA,0.3546686261,,Scotland,,
372,E14000795,"Liverpool, Wavertree",0.3584956535,NA,0.3584956535,,North West,,
505,E14000922,"Sheffield, Hallam",0.3590070068,NA,0.3590070068,,Yorkshire and The Humber,,
445,S14000052,Paisley and Renfrewshire North,0.3609494834,NA,0.3609494834,,Scotland,,
330,S14000038,Inverclyde,0.3620342137,0.3620342137,0.3620342137,,Scotland,0,
595,E14001013,Walthamstow,0.3640760308,0.3348858552,0.3348858552,0.618513324,London,-0.02919017563,
387,E14000807,Manchester Central,0.3665873462,NA,0.3665873462,,North West,,
406,S14000047,Motherwell and Wishaw,0.3697252683,NA,0.3697252683,,Scotland,,
353,E14000779,Leeds North East,0.373261813,NA,0.373261813,,Yorkshire and The Humber,,
487,S14000056,Rutherglen and Hamilton West,0.3734174153,NA,0.3734174153,,Scotland,,
238,E14000692,"Enfield, Southgate",0.3737689986,0.3788481586,0.3788481586,http://www.bbc.co.uk/news/uk-politics-38762034,London,0.005079159956,
265,S14000032,Glasgow North East,0.3766919948,0.406576167,0.406576167,,Scotland,0.0298841722,
388,E14000808,"Manchester, Gorton",0.3790481123,NA,0.3790481123,,North West,,
173,S14000012,"Cumbernauld, Kilsyth and Kirkintilloch East",0.3790899259,NA,0.3790899259,,Scotland,,
396,S14000045,Midlothian,0.3794096947,0.3794096947,0.3794096947,http://www.bbc.co.uk/news/uk-politics-38762034,Scotland,0,
223,S14000019,"East Kilbride, Strathaven and Lesmahagow",0.3799721785,NA,0.3799721785,,Scotland,,
210,S14000059,West Dunbartonshire,0.3800555298,0.3800555298,0.3800555298,,Scotland,0,
490,E14000960,St Albans,0.3801529694,NA,0.3801529694,,East of England,,
250,S14000049,North East Fife,0.3813719637,NA,0.3813719637,,Scotland,,
444,E14000874,Oxford West and Abingdon,0.3818095305,NA,0.3818095305,,South East,,
464,E14000889,Reading East,0.3823854953,NA,0.3823854953,,South East,,
211,S14000015,Dundee East,0.3825275627,NA,0.3825275627,,Scotland,,
122,E14000934,South Cambridgeshire,0.3844375957,NA,0.3844375957,,East of England,,
9,E14000532,Altrincham and Sale West,0.3846870964,NA,0.3846870964,,North West,,
648,E14001061,York Central,0.3853303819,NA,0.3853303819,,Yorkshire and The Humber,,
5,S14000058,West Aberdeenshire and Kincardine,0.3860722321,NA,0.3860722321,,Scotland,,
156,S14000011,"Coatbridge, Chryston and Bellshill",0.3872332567,NA,0.3872332567,,Scotland,,
127,W07000051,Cardiff North,0.3908054342,NA,0.3908054342,,Wales,,
315,E14000749,Hitchin and Harpenden,0.3921062806,0.3979351954,0.3979351954,http://www.bbc.co.uk/news/uk-politics-38762034,East of England,0.00582891479,
436,S14000050,Ochil and South Perthshire,0.3925028404,NA,0.3925028404,,Scotland,,
268,S14000035,Glasgow South West,0.3935801775,0.4086436703,0.4086436703,,Scotland,0.0150634928,
17,S14000005,Argyll and Bute,0.3943239691,0.3943239691,0.3943239691,,Scotland,0,
92,E14000593,Brentford and Isleworth,0.3950853268,0.4330890315,0.4330890315,http://www.bbc.co.uk/news/uk-politics-38762034,London,0.03800370466,
342,S14000040,Kilmarnock and Loudoun,0.3960825307,NA,0.3960825307,,Scotland,,
622,E14001041,Winchester,0.3971032124,NA,0.3971032124,,South East,,
213,S14000017,Dunfermline and West Fife,0.4002669477,NA,0.4002669477,,Scotland,,
6,S14000003,Airdrie and Shotts,0.4005130754,NA,0.4005130754,,Scotland,,
450,S14000054,Perth and North Perthshire,0.4017141951,NA,0.4017141951,,Scotland,,
441,S14000051,Orkney and Shetland,0.4028130825,NA,0.4028130825,,Scotland,,
431,E14000864,Norwich South,0.4036060387,NA,0.4036060387,,East of England,,
554,E14000953,South West Surrey,0.4060791595,NA,0.4060791595,,South East,,
100,E14000600,Bristol North West,0.4071929033,0.3885281199,0.3885281199,http://www.bbc.co.uk/news/uk-politics-38762034,South West,-0.01866478345,
148,E14000636,Chipping Barnet,0.4092972926,NA,0.4092972926,,London,,
61,E14000564,"Birmingham, Ladywood",0.4108290645,0.3562267156,0.3562267156,http://www.bbc.co.uk/news/uk-politics-38762034,West Midlands,-0.05460234885,
601,E14001019,Warwick and Leamington,0.4112854182,NA,0.4112854182,,West Midlands,,
415,E14000832,Newcastle upon Tyne East,0.4113020255,NA,0.4113020255,,North East,,
212,S14000016,Dundee West,0.4115098933,NA,0.4115098933,,Scotland,,
279,E14000719,Guildford,0.4117792506,NA,0.4117792506,,South East,,
486,E14000908,Rushcliffe,0.4130787973,NA,0.4130787973,,East Midlands,,
331,S14000039,"Inverness, Nairn, Badenoch and Strathspey",0.4137974888,NA,0.4137974888,,Scotland,,
295,E14000732,Harrow West,0.4138764909,0.4505624317,0.4505624317,http://www.bbc.co.uk/news/uk-politics-38762034,London,0.03668594083,
343,E14000770,Kingston and Surbiton,0.4159414685,NA,0.4159414685,,London,,
369,S14000043,Linlithgow and East Falkirk,0.416080522,NA,0.416080522,,Scotland,,
243,E14000697,Esher and Walton,0.4162523621,NA,0.4162523621,,South East,,
345,S14000041,Kirkcaldy and Cowdenbeath,0.4166315082,NA,0.4166315082,,Scotland,,
138,E14000627,Cheadle,0.419059151,0.4265303264,0.4265303264,http://www.bbc.co.uk/news/uk-politics-38762034,North West,0.007471175415,
304,E14000741,Hendon,0.4193508856,NA,0.4193508856,,London,,
245,S14000028,Falkirk,0.4199140734,NA,0.4199140734,,Scotland,,
25,S14000048,North Ayrshire and Arran,0.4229065403,NA,0.4229065403,,Scotland,,
629,E14001048,Wokingham,0.4246933515,NA,0.4246933515,,South East,,
357,E14000783,Leicester South,0.4258202386,NA,0.4258202386,,East Midlands,,
171,E14000655,Croydon North,0.426225132,0.4116806604,0.4116806604,http://www.bbc.co.uk/news/uk-politics-38762034,London,-0.0145444716,
559,W07000047,Swansea West,0.4265852976,NA,0.4265852976,,Wales,,
143,E14000640,City of Chester,0.4271304058,NA,0.4271304058,,North West,,
24,S14000010,Central Ayrshire,0.4272058174,NA,0.4272058174,,Scotland,,
141,E14000630,Cheltenham,0.4278241767,NA,0.4278241767,,South West,,
625,E14001044,Wirral West,0.427827161,0.4469019958,0.4469019958,http://www.bbc.co.uk/news/uk-politics-38762034,North West,0.01907483481,
432,E14000865,Nottingham East,0.4280354764,0.4287932214,0.4287932214,http://www.bbc.co.uk/news/uk-politics-38762034,East Midlands,0.0007577450364,
90,E14000591,Brent Central,0.4292455493,NA,0.4292455493,,London,,
23,S14000006,"Ayr, Carrick and Cumnock",0.4298681805,NA,0.4298681805,,Scotland,,
305,E14000742,Henley,0.4307181625,NA,0.4307181625,,South East,,
91,E14000592,Brent North,0.4309235831,NA,0.4309235831,,London,,
3,S14000001,Aberdeen North,0.4309975547,NA,0.4309975547,,Scotland,,
57,E14000560,"Birmingham, Edgbaston",0.4316584117,0.4734707048,0.4734707048,http://www.bbc.co.uk/news/uk-politics-38762034,West Midlands,0.04181229312,
51,S14000008,"Berwickshire, Roxburgh and Selkirk",0.4320071997,NA,0.4320071997,,Scotland,,
59,E14000562,"Birmingham, Hall Green",0.4326658793,0.3356875091,0.3356875091,http://www.bbc.co.uk/news/uk-politics-38762034,West Midlands,-0.09697837017,
479,S14000055,"Ross, Skye and Lochaber",0.4335221268,NA,0.4335221268,,Scotland,,
97,E14000597,"Brighton, Kemptown",0.4342993775,NA,0.4342993775,,South East,,
64,E14000567,"Birmingham, Selly Oak",0.436370308,0.4690743133,0.4690743133,http://www.bbc.co.uk/news/uk-politics-38762034,West Midlands,0.03270400526,
374,S14000044,Livingston,0.4381333665,NA,0.4381333665,,Scotland,,
329,E14000760,Ilford South,0.4387414549,NA,0.4387414549,,London,,
208,S14000014,"Dumfriesshire, Clydesdale and Tweeddale",0.4394452696,NA,0.4394452696,,Scotland,,
263,S14000030,Glasgow East,0.4396986041,0.4383731411,0.4383731411,,Scotland,-0.001325463028,
628,E14001047,Woking,0.4405758349,NA,0.4405758349,,South East,,
220,E14000676,"Ealing, Southall",0.4427445108,0.4182634912,0.4182634912,http://www.bbc.co.uk/news/uk-politics-38762034,London,-0.02448101964,
214,E14000641,City of Durham,0.4435008497,NA,0.4435008497,,North East,,
271,S14000037,Gordon,0.4456318835,NA,0.4456318835,,Scotland,,
580,E14001004,Tunbridge Wells,0.4470139079,NA,0.4470139079,,South East,,
244,E14000698,Exeter,0.4470640158,NA,0.4470640158,,South West,,
407,S14000027,Na h-Eileanan an Iar,0.4476279944,0.439006772,0.439006772,http://www.bbc.co.uk/news/uk-politics-38762034,Scotland,-0.008621222364,
129,W07000079,Cardiff West,0.4483702206,NA,0.4483702206,,Wales,,
649,E14001062,York Outer,0.4491634826,NA,0.4491634826,,Yorkshire and The Humber,,
128,W07000080,Cardiff South and Penarth,0.4493568723,NA,0.4493568723,,Wales,,
142,E14000631,Chesham and Amersham,0.4498498396,0.4498498396,0.4498498396,,South East,0,
123,E14000937,South East Cambridgeshire,0.4498843746,NA,0.4498843746,,East of England,,
434,E14000867,Nottingham South,0.450235215,0.4646776483,0.4646776483,http://www.bbc.co.uk/news/uk-politics-38762034,East Midlands,0.0144424333,
500,E14000916,Sefton Central,0.4512582863,NA,0.4512582863,,North West,,
125,E14000619,Canterbury,0.4534039729,NA,0.4534039729,,South East,,
135,W07000064,Ceredigion,0.4537013739,0.4537013739,0.4537013739,,Wales,0,
312,E14000746,Hexham,0.4538836705,NA,0.4538836705,,North East,,
207,S14000013,Dumfries and Galloway,0.4539451293,NA,0.4539451293,,Scotland,,
383,E14000803,Maidenhead,0.4541335515,NA,0.4541335515,,South East,,
526,E14000958,Southport,0.455067037,NA,0.455067037,,North West,,
624,E14001043,Wirral South,0.455934157,0.4654894164,0.4654894164,http://www.bbc.co.uk/news/uk-politics-38762034,North West,0.009555259373,
478,E14000901,Romsey and Southampton North,0.4580927726,NA,0.4580927726,,South East,,
454,W07000075,Pontypridd,0.4581995036,NA,0.4581995036,,Wales,,
563,E14000987,Tatton,0.4583063,NA,0.4583063,,North West,,
172,E14000656,Croydon South,0.4586911633,0.4580567492,0.4580567492,http://www.bbc.co.uk/news/uk-politics-38762034,London,-0.000634414105,
288,E14000844,North East Hampshire,0.4592303848,NA,0.4592303848,,South East,,
546,E14000980,Stroud,0.4598749413,NA,0.4598749413,,South West,,
623,E14001042,Windsor,0.4608509373,NA,0.4608509373,,South East,,
579,E14001003,Truro and Falmouth,0.4622133598,NA,0.4622133598,,South West,,
627,E14001046,Witney,0.4634465746,0.4634465746,0.4634465746,,South East,0,
310,E14000951,South West Hertfordshire,0.4637440658,NA,0.4637440658,,East of England,,
597,E14001015,Wantage,0.4643220697,NA,0.4643220697,,South East,,
269,S14000036,Glenrothes,0.4646249082,NA,0.4646249082,,Scotland,,
339,E14000767,Kenilworth and Southam,0.465989048,NA,0.465989048,,West Midlands,,
557,E14000985,Sutton Coldfield,0.4667642556,0.5167437686,0.5167437686,http://www.bbc.co.uk/news/uk-politics-38762034,West Midlands,0.04997951296,
555,E14000817,Mid Sussex,0.4668898152,NA,0.4668898152,,South East,,
222,E14000679,East Ham,0.4691542632,NA,0.4691542632,,London,,
362,E14000786,Lewes,0.4696810052,NA,0.4696810052,,South East,,
293,E14000730,Harrogate and Knaresborough,0.4721936622,NA,0.4721936622,,Yorkshire and The Humber,,
614,E14001032,West Ham,0.4737574112,NA,0.4737574112,,London,,
351,E14000777,Leeds Central,0.4742583766,NA,0.4742583766,,Yorkshire and The Humber,,
616,E14001037,Westmorland and Lonsdale,0.4745074061,NA,0.4745074061,,North West,,
40,E14000551,Beckenham,0.4748808751,0.4838170491,0.4838170491,http://www.bbc.co.uk/news/uk-politics-38762034,London,0.008936173972,
412,E14000830,Newbury,0.4751037638,NA,0.4751037638,,South East,,
400,E14000824,Mole Valley,0.4758537833,NA,0.4758537833,,South East,,
468,E14000893,Reigate,0.4779435149,NA,0.4779435149,,South East,,
164,E14000991,The Cotswolds,0.4779690542,NA,0.4779690542,,South West,,
582,E14001006,Tynemouth,0.4784100909,NA,0.4784100909,,North East,,
401,W07000054,Monmouth,0.4784503008,NA,0.4784503008,,Wales,,
258,E14000708,Garston and Halewood,0.4787784551,NA,0.4787784551,,North West,,
237,E14000691,Enfield North,0.478841324,0.4921544262,0.4921544262,http://www.bbc.co.uk/news/uk-politics-38762034,London,0.01331310217,
240,E14000694,Epsom and Ewell,0.4796217354,NA,0.4796217354,,South East,,
517,E14000850,North Somerset,0.4796739156,NA,0.4796739156,,South West,,
251,E14000702,Filton and Bradley Stoke,0.4797859582,NA,0.4797859582,,South West,,
642,E14001056,Wycombe,0.4804315306,NA,0.4804315306,,South East,,
12,S14000004,Angus,0.4813276871,NA,0.4813276871,,Scotland,,
534,E14000969,Stockport,0.4815589176,0.4678932179,0.4678932179,http://www.bbc.co.uk/news/uk-politics-38762034,North West,-0.0136656997,
382,E14000802,Macclesfield,0.4815713063,NA,0.4815713063,,North West,,
233,E14000687,Edmonton,0.4821085522,0.455096172,0.455096172,http://www.bbc.co.uk/news/uk-politics-38762034,London,-0.02701238017,
461,E14000886,Pudsey,0.4835271501,NA,0.4835271501,,Yorkshire and The Humber,,
217,W07000061,Dwyfor Meirionnydd,0.4836689985,NA,0.4836689985,,Wales,,
414,E14000831,Newcastle upon Tyne Central,0.4837449781,NA,0.4837449781,,North East,,
545,E14000979,Stretford and Urmston,0.4846768539,NA,0.4846768539,,North West,,
509,E14000925,Shipley,0.485142879,0.5221134452,0.5221134452,http://www.bbc.co.uk/news/uk-politics-38762034,Yorkshire and The Humber,0.03697056619,
108,E14000608,Buckingham,0.486547127,NA,0.486547127,,South East,,
319,E14000753,Horsham,0.4866966003,NA,0.4866966003,,South East,,
287,E14000680,East Hampshire,0.4872942006,NA,0.4872942006,,South East,,
219,E14000675,Ealing North,0.4880637093,0.4625609216,0.4625609216,http://www.bbc.co.uk/news/uk-politics-38762034,London,-0.02550278771,
99,E14000599,Bristol East,0.4881657821,0.4679527183,0.4679527183,http://www.bbc.co.uk/news/uk-politics-38762034,South West,-0.02021306383,
458,E14000884,Portsmouth South,0.488858674,0.517630344,0.517630344,http://www.bbc.co.uk/news/uk-politics-38762034,South East,0.02877166997,
167,E14000651,Coventry South,0.4890117797,NA,0.4890117797,,West Midlands,,
170,E14000654,Croydon Central,0.4896830298,0.5031024069,0.5031024069,http://www.bbc.co.uk/news/uk-politics-38762034,London,0.01341937709,
484,E14000906,"Ruislip, Northwood and Pinner",0.490205247,NA,0.490205247,,London,,
399,E14000823,Mitcham and Morden,0.4911308211,0.4468652381,0.4468652381,http://www.bbc.co.uk/news/uk-politics-38762034,London,-0.04426558299,
104,E14000604,Bromley and Chislehurst,0.4912023455,0.4982886934,0.4982886934,http://www.bbc.co.uk/news/uk-politics-38762034,London,0.007086347909,
146,E14000634,Chingford and Woodford Green,0.4920964123,NA,0.4920964123,,London,,
308,E14000744,Hertford and Stortford,0.4921302402,NA,0.4921302402,,East of England,,
39,E14000550,Beaconsfield,0.4929742327,NA,0.4929742327,,South East,,
87,E14000589,Bradford West,0.4939509198,0.4674085444,0.4674085444,http://www.bbc.co.uk/news/uk-politics-38762034,Yorkshire and The Humber,-0.0265423754,
115,S14000009,"Caithness, Sutherland and Easter Ross",0.4943534937,NA,0.4943534937,,Scotland,,
94,W07000073,Bridgend,0.496508306,NA,0.496508306,,Wales,,
377,E14000797,Loughborough,0.4966913473,NA,0.4966913473,,East Midlands,,
101,E14000601,Bristol South,0.4971442263,0.4795283789,0.4795283789,http://www.bbc.co.uk/news/uk-politics-38762034,South West,-0.01761584745,
397,E14000821,Milton Keynes North,0.4980023273,NA,0.4980023273,,South East,,
485,E14000907,Runnymede and Weybridge,0.498002617,NA,0.498002617,,South East,,
158,E14000645,Colne Valley,0.4982459592,NA,0.4982459592,,Yorkshire and The Humber,,
403,S14000046,Moray,0.4987319669,0.4987319669,0.4987319669,,Scotland,0,
645,E14001059,Wythenshawe and Sale East,0.498734782,NA,0.498734782,,North West,,
273,W07000046,Gower,0.5017664981,NA,0.5017664981,,Wales,,
607,E14001024,Weaver Vale,0.50198502,NA,0.50198502,,North West,,
373,E14000796,"Liverpool, West Derby",0.5028271159,NA,0.5028271159,,North West,,
496,E14000912,Salisbury,0.5033849157,NA,0.5033849157,,South West,,
619,E14000860,North Wiltshire,0.5036643267,NA,0.5036643267,,South West,,
189,E14000678,East Devon,0.5045688788,NA,0.5045688788,,South West,,
294,E14000731,Harrow East,0.5047555948,0.4747858454,0.4747858454,http://www.bbc.co.uk/news/uk-politics-38762034,London,-0.02996974943,
26,E14000539,Banbury,0.5053589533,NA,0.5053589533,,South East,,
139,E14000628,Chelmsford,0.5054572553,NA,0.5054572553,,East of England,,
314,E14000748,High Peak,0.5054802765,0.5054802765,0.5054802765,,East Midlands,0,
600,E14001018,Warrington South,0.5062010223,NA,0.5062010223,,North West,,
145,E14000633,Chichester,0.5064288139,NA,0.5064288139,,South East,,
524,E14000956,"Southampton, Test",0.5065283649,NA,0.5065283649,,South East,,
18,E14000534,Arundel and South Downs,0.5068538363,NA,0.5068538363,,South East,,
311,E14000745,Hertsmere,0.5083652561,0.5083652561,0.5083652561,,East of England,0,
453,E14000880,"Plymouth, Sutton and Devonport",0.5086210498,0.5440523532,0.5440523532,http://www.bbc.co.uk/news/uk-politics-38762034,South West,0.03543130336,
350,E14000776,Lancaster and Fleetwood,0.509139906,NA,0.509139906,,North West,,
489,E14000910,Saffron Walden,0.5092493593,NA,0.5092493593,,East of England,,
647,W07000041,Ynys MÃ´n,0.5094200416,0.5094200416,0.5094200416,,Wales,0,
519,E14000932,Somerton and Frome,0.5096199022,NA,0.5096199022,,South West,,
200,E14001031,West Dorset,0.5099666169,NA,0.5099666169,,South West,,
157,E14000644,Colchester,0.5106418001,NA,0.5106418001,,East of England,,
322,E14000756,Huddersfield,0.5108125048,NA,0.5108125048,,Yorkshire and The Humber,,
424,E14000941,South Norfolk,0.5110654367,NA,0.5110654367,,East of England,,
543,E14000977,Stratford-on-Avon,0.5116542882,NA,0.5116542882,,West Midlands,,
188,E14000623,Central Devon,0.5117887205,NA,0.5117887205,,South West,,
604,E14001021,Watford,0.5118404276,NA,0.5118404276,,East of England,,
556,E14000984,Sutton and Cheam,0.5126743332,NA,0.5126743332,,London,,
183,E14000664,Derbyshire Dales,0.5128574119,NA,0.5128574119,,East Midlands,,
68,E14000571,Blackley and Broughton,0.5133290917,NA,0.5133290917,,North West,,
309,E14000845,North East Hertfordshire,0.5137693409,NA,0.5137693409,,East of England,,
301,E14000738,Hazel Grove,0.5142438573,0.5220859153,0.5220859153,http://www.bbc.co.uk/news/uk-politics-38762034,North West,0.007842058013,
187,E14000665,Devizes,0.5146439081,NA,0.5146439081,,South West,,
561,E14000947,South Swindon,0.5157444245,NA,0.5157444245,,South West,,
358,E14000784,Leicester West,0.516656347,NA,0.516656347,,East Midlands,,
89,W07000068,Brecon and Radnorshire,0.5172431786,NA,0.5172431786,,Wales,,
116,E14000614,Calder Valley,0.5174351392,0.5316421306,0.5316421306,http://www.bbc.co.uk/news/uk-politics-38762034,Yorkshire and The Humber,0.01420699144,
56,E14000559,Birkenhead,0.5183463344,0.517076065,0.517076065,See http://www.wirralglobe.co.uk/news/14582313.Detailed_breakdown_of_how_Wirral_voted_in_Referendum___The_poorer_the_area__the_bigger_its_Leave_vote_/,North West,-0.001270269418,
553,E14000983,Surrey Heath,0.5199617565,NA,0.5199617565,,South East,,
22,E14000538,Aylesbury,0.5210161337,NA,0.5210161337,,South East,,
518,E14000846,North East Somerset,0.5211688115,NA,0.5211688115,,South West,,
227,E14000686,Eddisbury,0.5223282163,NA,0.5223282163,,North West,,
291,E14000728,Harborough,0.5224663693,NA,0.5224663693,,East Midlands,,
42,E14000813,Mid Bedfordshire,0.522609586,NA,0.522609586,,East of England,,
147,E14000635,Chippenham,0.5232609827,NA,0.5232609827,,South West,,
589,W07000078,Vale of Glamorgan,0.5234642603,NA,0.5234642603,,Wales,,
107,E14000607,Broxtowe,0.5241484493,NA,0.5241484493,,East Midlands,,
346,E14000775,Knowsley,0.5243938607,NA,0.5243938607,,North West,,
155,W07000059,Clwyd West,0.5253250436,NA,0.5253250436,,Wales,,
184,E14000814,Mid Derbyshire,0.5253309968,NA,0.5253309968,,East Midlands,,
610,E14001027,Welwyn Hatfield,0.5253524015,NA,0.5253524015,,East of England,,
606,E14001023,Wealden,0.5254627488,NA,0.5254627488,,South East,,
328,E14000759,Ilford North,0.5256689865,NA,0.5256689865,,London,,
635,E14001035,West Worcestershire,0.5258070914,NA,0.5258070914,,West Midlands,,
573,E14000997,Tonbridge and Malling,0.5258550506,NA,0.5258550506,,South East,,
159,E14000646,Congleton,0.5265409394,NA,0.5265409394,,North West,,
429,E14000942,South Northamptonshire,0.5267258407,NA,0.5267258407,,East Midlands,,
465,E14000890,Reading West,0.5267668701,NA,0.5267668701,,South East,,
236,E14000690,Eltham,0.5277965599,0.5181526511,0.5181526511,http://www.bbc.co.uk/news/uk-politics-38762034,London,-0.009643908794,
564,E14000988,Taunton Deane,0.5292471057,0.5292471057,0.5292471057,,South West,0,
391,E14000811,Meon Valley,0.5292889116,NA,0.5292889116,,South East,,
398,E14000822,Milton Keynes South,0.5296084999,NA,0.5296084999,,South East,,
592,E14001010,Wallasey,0.5300155788,0.4992311963,0.4992311963,http://www.bbc.co.uk/news/uk-politics-38762034,North West,-0.03078438253,
495,E14000911,Salford and Eccles,0.5300531387,0.5359345748,0.5359345748,http://www.bbc.co.uk/news/uk-politics-38762034,North West,0.005881436078,
418,W07000056,Newport West,0.5300677103,NA,0.5300677103,,Wales,,
510,E14000926,Shrewsbury and Atcham,0.5301679598,NA,0.5301679598,,West Midlands,,
513,E14000928,Skipton and Ripon,0.5303345057,NA,0.5303345057,,Yorkshire and The Humber,,
356,E14000782,Leicester East,0.5316441994,NA,0.5316441994,,East Midlands,,
84,E14000586,Bracknell,0.5325104196,NA,0.5325104196,,South East,,
326,E14000757,Huntingdon,0.5327471457,NA,0.5327471457,,East of England,,
43,E14000841,North East Bedfordshire,0.5329326007,NA,0.5329326007,,East of England,,
570,E14000994,Thornbury and Yate,0.5332839051,NA,0.5332839051,,South West,,
2,W07000058,Aberconwy,0.5338379841,NA,0.5338379841,,Wales,,
338,E14000766,Keighley,0.5348892626,0.5332509525,0.5332509525,http://www.bbc.co.uk/news/uk-politics-38762034,Yorkshire and The Humber,-0.001638310141,
609,E14001026,Wells,0.534930546,NA,0.534930546,,South West,,
82,E14000584,Bournemouth East,0.5350713031,NA,0.5350713031,,South West,,
632,E14001051,Wolverhampton South West,0.5357515853,0.5436750208,0.5436750208,http://www.bbc.co.uk/news/uk-politics-38762034,West Midlands,0.007923435529,
34,E14000545,Basingstoke,0.5364191295,NA,0.5364191295,,South East,,
111,E14000611,Bury North,0.536593443,NA,0.536593443,,North West,,
638,E14000682,East Worthing and Shoreham,0.5367434864,NA,0.5367434864,,South East,,
633,E14001052,Worcester,0.5367724331,0.5367724331,0.5367724331,http://www.bbc.co.uk/news/uk-politics-38762034,West Midlands,0,
41,E14000552,Bedford,0.5367871676,0.5194916653,0.5194916653,http://www.bbc.co.uk/news/uk-politics-38762034,East of England,-0.01729550226,
181,E14000662,Derby North,0.5373816638,NA,0.5373816638,,East Midlands,,
113,E14000613,Bury St Edmunds,0.5373851606,NA,0.5373851606,,East of England,,
131,W07000067,Carmarthen East and Dinefwr,0.5376553474,NA,0.5376553474,,Wales,,
566,E14000990,Tewkesbury,0.537790386,NA,0.537790386,,South West,,
371,E14000794,"Liverpool, Walton",0.5380360055,NA,0.5380360055,,North West,,
502,E14000918,Sevenoaks,0.538611222,NA,0.538611222,,South East,,
488,E14000909,Rutland and Melton,0.5395742598,NA,0.5395742598,,East Midlands,,
27,S14000007,Banff and Buchan,0.5401840179,NA,0.5401840179,,Scotland,,
226,E14000685,Eastleigh,0.5401918453,NA,0.5401918453,,South East,,
643,E14001057,Wyre and Preston North,0.5403704776,NA,0.5403704776,,North West,,
103,E14000603,Broadland,0.5406077153,NA,0.5406077153,,East of England,,
577,E14001001,Totnes,0.5408686983,NA,0.5408686983,,South West,,
515,E14000930,Slough,0.5410037979,NA,0.5410037979,,South East,,
549,E14000946,South Suffolk,0.5415032318,NA,0.5415032318,,East of England,,
63,E14000566,"Birmingham, Perry Barr",0.5418580413,0.5121731706,0.5121731706,http://www.bbc.co.uk/news/uk-politics-38762034,West Midlands,-0.02968487067,
552,E14000681,East Surrey,0.5419184365,NA,0.5419184365,,South East,,
408,W07000069,Neath,0.542076298,NA,0.542076298,,Wales,,
516,E14000931,Solihull,0.5427861592,0.5334830853,0.5334830853,http://www.bbc.co.uk/news/uk-politics-38762034,West Midlands,-0.009303073853,
242,E14000696,Erith and Thamesmead,0.5432728958,NA,0.5432728958,,London,,
547,E14000624,Central Suffolk and North Ipswich,0.5448855513,NA,0.5448855513,,East of England,,
289,E14000857,North West Hampshire,0.5452543174,NA,0.5452543174,,South East,,
112,E14000612,Bury South,0.5452602877,NA,0.5452602877,,North West,,
551,E14000982,Sunderland Central,0.5465294665,0.5993816529,0.5993816529,http://www.bbc.co.uk/news/uk-politics-38762034,North East,0.05285218639,
472,E14000895,Richmond (Yorks),0.5469912898,NA,0.5469912898,,Yorkshire and The Humber,,
179,W07000042,Delyn,0.5477104,NA,0.5477104,,Wales,,
79,E14000581,Bootle,0.5487643903,NA,0.5487643903,,North West,,
349,E14001033,West Lancashire,0.5493803945,NA,0.5493803945,,North West,,
163,E14000938,South East Cornwall,0.5494650187,NA,0.5494650187,,South West,,
355,E14000781,Leeds West,0.5497702885,NA,0.5497702885,,Yorkshire and The Humber,,
216,E14000856,North West Durham,0.5498292758,NA,0.5498292758,,North East,,
494,E14000964,St Ives,0.5512600721,NA,0.5512600721,,South West,,
114,W07000076,Caerphilly,0.5515760503,NA,0.5515760503,,Wales,,
302,E14000739,Hemel Hempstead,0.5516880434,NA,0.5516880434,,East of England,,
191,E14000950,South West Devon,0.5522960826,NA,0.5522960826,,South West,,
105,E14000605,Bromsgrove,0.5536512794,0.5536512794,0.5536512794,,West Midlands,0,
132,W07000066,Carmarthen West and South Pembrokeshire,0.5536619483,NA,0.5536619483,,Wales,,
449,E14000877,Penrith and The Border,0.5536686158,NA,0.5536686158,,North West,,
246,E14000699,Fareham,0.554141921,NA,0.554141921,,South East,,
381,E14000801,Luton South,0.5544462729,NA,0.5544462729,,East of England,,
375,W07000045,Llanelli,0.5548355511,NA,0.5548355511,,Wales,,
284,E14000724,Haltemprice and Howden,0.5549736439,NA,0.5549736439,,Yorkshire and The Humber,,
78,E14000580,Bolton West,0.5553871533,NA,0.5553871533,,North West,,
50,E14000554,Berwick-upon-Tweed,0.5555173308,NA,0.5555173308,,North East,,
411,E14000829,Newark,0.5575331126,NA,0.5575331126,,East Midlands,,
459,W07000065,Preseli Pembrokeshire,0.5576907309,NA,0.5576907309,,Wales,,
548,E14000981,Suffolk Coastal,0.5581571415,NA,0.5581571415,,East of England,,
384,E14000804,Maidstone and The Weald,0.5586830462,NA,0.5586830462,,South East,,
410,E14000828,New Forest West,0.5587861576,NA,0.5587861576,,South East,,
588,W07000060,Vale of Clwyd,0.559417007,NA,0.559417007,,Wales,,
402,W07000063,Montgomeryshire,0.5598584868,NA,0.5598584868,,Wales,,
442,E14000872,Orpington,0.559974796,0.5754149843,0.5754149843,http://www.bbc.co.uk/news/uk-politics-38762034,London,0.01544018829,
259,E14000709,Gateshead,0.5604693175,NA,0.5604693175,,North East,,
420,E14000835,Newton Abbot,0.56101102,NA,0.56101102,,South West,,
493,E14000963,St Helens South and Whiston,0.5611943015,NA,0.5611943015,,North West,,
639,E14001055,Worthing West,0.561226606,NA,0.561226606,,South East,,
596,E14001014,Wansbeck,0.5619074863,NA,0.5619074863,,North East,,
260,E14000710,Gedling,0.5619792121,NA,0.5619792121,,East Midlands,,
298,E14000735,Hastings and Rye,0.5622823314,NA,0.5622823314,,South East,,
133,E14000621,Carshalton and Wallington,0.5630242446,NA,0.5630242446,,London,,
72,E14000574,Blaydon,0.5631875632,NA,0.5631875632,,North East,,
587,E14001007,Uxbridge and South Ruislip,0.5635574865,NA,0.5635574865,,London,,
235,E14000689,Elmet and Rothwell,0.5635934444,NA,0.5635934444,,Yorkshire and The Humber,,
198,E14000839,North Dorset,0.5641147657,NA,0.5641147657,,South West,,
569,E14000993,Thirsk and Malton,0.5642595163,NA,0.5642595163,,Yorkshire and The Humber,,
67,E14000570,Blackburn,0.5643112214,0.5372925725,0.5372925725,http://www.bbc.co.uk/news/uk-politics-38762034,North West,-0.02701864894,
256,E14000706,Fylde,0.5655708102,NA,0.5655708102,,North West,,
332,E14000761,Ipswich,0.5656765982,NA,0.5656765982,,East of England,,
149,E14000637,Chorley,0.565742818,NA,0.565742818,,North West,,
617,E14001038,Weston-Super-Mare,0.5666096718,NA,0.5666096718,,South West,,
31,E14000543,Barrow and Furness,0.5678741119,NA,0.5678741119,,North West,,
344,E14000774,Kingswood,0.56835363,NA,0.56835363,,South West,,
460,E14000885,Preston,0.5685128315,NA,0.5685128315,,North West,,
521,E14000943,South Ribble,0.5685420467,NA,0.5685420467,,North West,,
455,E14000881,Poole,0.5694324444,NA,0.5694324444,,South West,,
121,E14000855,North West Cambridgeshire,0.569533401,NA,0.569533401,,East of England,,
174,W07000070,Cynon Valley,0.5696266259,NA,0.5696266259,,Wales,,
190,E14000838,North Devon,0.5703847943,0.5703847943,0.5703847943,,South West,0,
192,E14001000,Torridge and West Devon,0.5707446545,NA,0.5707446545,,South West,,
532,E14000968,Stevenage,0.5712019136,NA,0.5712019136,,East of England,,
416,E14000833,Newcastle upon Tyne North,0.5714743293,NA,0.5714743293,,North East,,
528,E14000965,Stafford,0.5721842569,NA,0.5721842569,,West Midlands,,
525,E14000957,Southend West,0.5724629842,0.5507458096,0.5507458096,http://www.bbc.co.uk/news/uk-politics-38762034,East of England,-0.02171717458,
193,E14000666,Dewsbury,0.5726844715,NA,0.5726844715,,Yorkshire and The Humber,,
439,E14000870,Oldham East and Saddleworth,0.5730842353,0.5992043445,0.5992043445,http://www.bbc.co.uk/news/uk-politics-38762034,North West,0.02612010923,
368,E14000792,Lincoln,0.5731151012,NA,0.5731151012,,East Midlands,,
430,E14000863,Norwich North,0.573218222,NA,0.573218222,,East of England,,
641,W07000044,Wrexham,0.5733141838,NA,0.5733141838,,Wales,,
560,E14000851,North Swindon,0.5744267235,NA,0.5744267235,,South West,,
58,E14000561,"Birmingham, Erdington",0.5752276967,0.6297289172,0.6297289172,http://www.bbc.co.uk/news/uk-politics-38762034,West Midlands,0.05450122051,
62,E14000565,"Birmingham, Northfield",0.575496397,0.617882451,0.617882451,http://www.bbc.co.uk/news/uk-politics-38762034,West Midlands,0.04238605395,
367,E14000791,Lichfield,0.5757439131,NA,0.5757439131,,West Midlands,,
60,E14000563,"Birmingham, Hodge Hill",0.575881462,0.5148416727,0.5148416727,http://www.bbc.co.uk/news/uk-politics-38762034,West Midlands,-0.06103978925,
506,E14000923,"Sheffield, Heeley",0.5760591914,NA,0.5760591914,,Yorkshire and The Humber,,
225,E14000684,Eastbourne,0.5762499801,NA,0.5762499801,,South East,,
572,E14000996,Tiverton and Honiton,0.5762505819,NA,0.5762505819,,South West,,
54,E14000557,Bexhill and Battle,0.5767643982,NA,0.5767643982,,South East,,
474,E14000897,Rochdale,0.5768475009,0.5745003587,0.5745003587,http://www.bbc.co.uk/news/uk-politics-38762034,North West,-0.002347142164,
620,E14000954,South West Wiltshire,0.5768707336,NA,0.5768707336,,South West,,
10,W07000043,Alyn and Deeside,0.5774788291,NA,0.5774788291,,Wales,,
234,E14000688,Ellesmere Port and Neston,0.5776683508,NA,0.5776683508,,North West,,
76,E14000578,Bolton North East,0.5776723522,NA,0.5776723522,,North West,,
501,E14000917,Selby and Ainsty,0.5778823154,NA,0.5778823154,,Yorkshire and The Humber,,
536,E14000971,Stockton South,0.5780350318,NA,0.5780350318,,North East,,
285,E14000725,Halton,0.5782347297,NA,0.5782347297,,North West,,
85,E14000587,Bradford East,0.5785856995,0.5515782934,0.5515782934,http://www.bbc.co.uk/news/uk-politics-38762034,Yorkshire and The Humber,-0.02700740608,
83,E14000585,Bournemouth West,0.5789926072,NA,0.5789926072,,South West,,
118,E14000616,Camborne and Redruth,0.5791059617,NA,0.5791059617,,South West,,
197,E14000815,Mid Dorset and North Poole,0.5792701099,NA,0.5792701099,,South West,,
540,E14000975,Stone,0.5804241671,NA,0.5804241671,,West Midlands,,
254,E14000705,Forest of Dean,0.5806625702,NA,0.5806625702,,South West,,
176,E14000658,Darlington,0.5806846735,NA,0.5806846735,,North East,,
392,E14000812,Meriden,0.5808594959,0.5880843468,0.5880843468,http://www.bbc.co.uk/news/uk-politics-38762034,West Midlands,0.007224850909,
380,E14000800,Luton North,0.5821161422,NA,0.5821161422,,East of England,,
360,E14000940,South Leicestershire,0.5821654142,NA,0.5821654142,,East Midlands,,
247,E14000700,Faversham and Mid Kent,0.5822255926,NA,0.5822255926,,South East,,
7,E14000530,Aldershot,0.582306762,0.5789776574,0.5789776574,http://www.bbc.co.uk/news/uk-politics-38762034,South East,-0.00332910456,
640,E14000992,The Wrekin,0.5824790771,NA,0.5824790771,,West Midlands,,
307,E14000847,North Herefordshire,0.5825016186,NA,0.5825016186,,West Midlands,,
422,E14000848,North Norfolk,0.5825388155,NA,0.5825388155,,East of England,,
492,E14000962,St Helens North,0.582912107,NA,0.582912107,,North West,,
136,E14000625,Charnwood,0.5829449052,NA,0.5829449052,,East Midlands,,
483,E14000905,Rugby,0.5836766023,NA,0.5836766023,,West Midlands,,
393,W07000071,Merthyr Tydfil and Rhymney,0.5840374391,NA,0.5840374391,,Wales,,
168,E14000652,Crawley,0.584136714,0.584136714,0.584136714,,South East,0,
531,E14000967,Stalybridge and Hyde,0.5852177268,0.592907293,0.592907293,http://www.bbc.co.uk/news/uk-politics-38762034,North West,0.007689566203,
379,E14000799,Ludlow,0.5858418541,NA,0.5858418541,,West Midlands,,
480,E14000902,Rossendale and Darwen,0.5859130289,NA,0.5859130289,,North West,,
44,E14000949,South West Bedfordshire,0.5861080917,NA,0.5861080917,,East of England,,
270,E14000712,Gloucester,0.5861326181,0.5890014719,0.5890014719,http://www.bbc.co.uk/news/uk-politics-38762034,South West,0.002868853765,
599,E14001017,Warrington North,0.5864758174,NA,0.5864758174,,North West,,
166,E14000650,Coventry North West,0.5867347043,NA,0.5867347043,,West Midlands,,
471,E14000894,Ribble Valley,0.5868051438,NA,0.5868051438,,North West,,
178,E14000660,Daventry,0.5875854112,NA,0.5875854112,,East Midlands,,
53,E14000556,Beverley and Holderness,0.5878960886,NA,0.5878960886,,Yorkshire and The Humber,,
336,W07000077,Islwyn,0.5886667507,NA,0.5886667507,,Wales,,
404,E14000825,Morecambe and Lunesdale,0.5891294279,NA,0.5891294279,,North West,,
634,E14000818,Mid Worcestershire,0.5894371379,NA,0.5894371379,,West Midlands,,
499,E14000915,Sedgefield,0.5894880672,NA,0.5894880672,,North East,,
169,E14000653,Crewe and Nantwich,0.5900216001,NA,0.5900216001,,North West,,
165,E14000649,Coventry North East,0.5922586701,NA,0.5922586701,,West Midlands,,
646,E14001060,Yeovil,0.5929247335,NA,0.5929247335,,South West,,
144,E14000632,Chesterfield,0.593187532,NA,0.593187532,,East Midlands,,
583,E14000853,North Tyneside,0.5936533258,NA,0.5936533258,,North East,,
300,E14000737,Hayes and Harlington,0.5940544594,NA,0.5940544594,,London,,
248,E14000701,Feltham and Heston,0.5943219614,0.5593200537,0.5593200537,http://www.bbc.co.uk/news/uk-politics-38762034,London,-0.03500190769,
511,E14000849,North Shropshire,0.5945746021,NA,0.5945746021,,West Midlands,,
199,E14000936,South Dorset,0.5949281068,NA,0.5949281068,,South West,,
409,E14000827,New Forest East,0.5954240312,NA,0.5954240312,,South East,,
428,E14000862,Northampton South,0.5961124246,NA,0.5961124246,,East Midlands,,
20,E14000536,Ashford,0.596788819,NA,0.596788819,,South East,,
437,W07000074,Ogmore,0.5975247001,NA,0.5975247001,,Wales,,
405,E14000826,Morley and Outwood,0.5978587835,NA,0.5978587835,,Yorkshire and The Humber,,
160,E14000647,Copeland,0.5984604808,NA,0.5984604808,,North West,,
150,E14000638,Christchurch,0.5987484443,NA,0.5987484443,,South West,,
73,E14000575,Blyth Valley,0.5988035794,NA,0.5988035794,,North East,,
523,E14000955,"Southampton, Itchen",0.5995870197,NA,0.5995870197,,South East,,
1,W07000049,Aberavon,0.5996545077,NA,0.5996545077,,Wales,,
324,E14000772,Kingston upon Hull North,0.599743353,NA,0.599743353,,Yorkshire and The Humber,,
161,E14000648,Corby,0.60114346,NA,0.60114346,,East Midlands,,
215,E14000840,North Durham,0.6013442628,NA,0.6013442628,,North East,,
306,E14000743,Hereford and South Herefordshire,0.6015169694,NA,0.6015169694,,West Midlands,,
417,W07000055,Newport East,0.6025468491,NA,0.6025468491,,Wales,,
154,W07000062,Clwyd South,0.6025820136,NA,0.6025820136,,Wales,,
527,E14000959,Spelthorne,0.60299599,0.60299599,0.60299599,,South East,0,
636,E14001053,Workington,0.6031954085,NA,0.6031954085,,North West,,
162,E14000837,North Cornwall,0.6032021785,NA,0.6032021785,,South West,,
28,E14000540,Barking,0.6033002338,NA,0.6033002338,,London,,
186,E14000935,South Derbyshire,0.6035100097,0.6035100097,0.6035100097,,East Midlands,0,
37,E14000548,Batley and Spen,0.6035245428,NA,0.6035245428,,Yorkshire and The Humber,,
283,E14000723,Halifax,0.6042243134,0.5882165334,0.5882165334,http://www.bbc.co.uk/news/uk-politics-38762034,Yorkshire and The Humber,-0.01600778,
476,E14000899,Rochford and Southend East,0.6045520412,NA,0.6045520412,,East of England,,
130,E14000620,Carlisle,0.6048799932,NA,0.6048799932,,North West,,
421,E14000816,Mid Norfolk,0.6058269069,NA,0.6058269069,,East of England,,
66,E14000569,Bishop Auckland,0.6062241442,NA,0.6062241442,,North East,,
427,E14000861,Northampton North,0.6068557353,NA,0.6068557353,,East Midlands,,
359,E14000858,North West Leicestershire,0.6069847772,0.6069847772,0.6069847772,,East Midlands,0,
81,E14000583,Bosworth,0.6079730392,NA,0.6079730392,,East Midlands,,
626,E14001045,Witham,0.6083046754,NA,0.6083046754,,East of England,,
576,W07000053,Torfaen,0.6088015426,NA,0.6088015426,,Wales,,
93,E14000594,Brentwood and Ongar,0.608936703,NA,0.608936703,,East of England,,
352,E14000778,Leeds East,0.6090851152,NA,0.6090851152,,Yorkshire and The Humber,,
341,E14000769,Kettering,0.6098836886,0.6098836886,0.6098836886,,East Midlands,0,
274,E14000714,Grantham and Stamford,0.6101248691,NA,0.6101248691,,East Midlands,,
239,E14000693,Epping Forest,0.6107376735,NA,0.6107376735,,East of England,,
297,E14000734,Harwich and North Essex,0.6107462742,NA,0.6107462742,,East of England,,
470,W07000052,Rhondda,0.6124288659,NA,0.6124288659,,Wales,,
65,E14000568,"Birmingham, Yardley",0.6129222895,0.6009480763,0.6009480763,http://www.bbc.co.uk/news/uk-politics-38762034,West Midlands,-0.01197421315,
386,E14000806,Maldon,0.6131394269,NA,0.6131394269,,East of England,,
448,E14000876,Penistone and Stocksbridge,0.6134816363,NA,0.6134816363,,Yorkshire and The Humber,,
497,E14000913,Scarborough and Whitby,0.6136997032,NA,0.6136997032,,Yorkshire and The Humber,,
467,E14000892,Redditch,0.6141973496,NA,0.6141973496,,West Midlands,,
88,E14000590,Braintree,0.614274471,NA,0.614274471,,East of England,,
637,E14001054,Worsley and Eccles South,0.6142883239,0.5979113324,0.5979113324,http://www.bbc.co.uk/news/uk-politics-38762034,North West,-0.01637699152,
503,E14000921,"Sheffield, Brightside and Hillsborough",0.6143934634,NA,0.6143934634,,Yorkshire and The Humber,,
514,E14000929,Sleaford and North Hykeham,0.6153246901,NA,0.6153246901,,East Midlands,,
182,E14000663,Derby South,0.6161100009,NA,0.6161100009,,East Midlands,,
337,E14000765,Jarrow,0.6161596892,NA,0.6161596892,,North East,,
568,E14000948,South Thanet,0.6163407657,NA,0.6163407657,,South East,,
413,E14000834,Newcastle-under-Lyme,0.6166735906,NA,0.6166735906,,West Midlands,,
598,E14001016,Warley,0.6182570994,NA,0.6182570994,,West Midlands,,
253,E14000704,Folkestone and Hythe,0.6183552232,NA,0.6183552232,,South East,,
180,E14000661,Denton and Reddish,0.6191800479,0.6098402815,0.6098402815,http://www.bbc.co.uk/news/uk-politics-38762034,North West,-0.009339766405,
333,E14000762,Isle of Wight,0.6194633409,0.6194633409,0.6194633409,,South East,0,
272,E14000713,Gosport,0.6197471542,NA,0.6197471542,,South East,,
591,E14001009,Wakefield,0.6198129368,0.6276506725,0.6276506725,http://www.bbc.co.uk/news/uk-politics-38762034,Yorkshire and The Humber,0.007837735742,
71,W07000072,Blaenau Gwent,0.6202804437,0.6202804437,0.6202804437,,Wales,0,
257,E14000707,Gainsborough,0.6203270159,NA,0.6203270159,,East Midlands,,
558,W07000048,Swansea East,0.620992238,NA,0.620992238,,Wales,,
313,E14000747,Heywood and Middleton,0.6215149343,0.6242561164,0.6242561164,http://www.bbc.co.uk/news/uk-politics-38762034,North West,0.002741182056,
185,E14000843,North East Derbyshire,0.6217313517,NA,0.6217313517,,East Midlands,,
95,E14000595,Bridgwater and West Somerset,0.6219046456,NA,0.6219046456,,South West,,
299,E14000736,Havant,0.6245058088,NA,0.6245058088,,South East,,
575,E14000999,Torbay,0.6265951073,NA,0.6265951073,,South West,,
86,E14000588,Bradford South,0.6267799737,0.6356121775,0.6356121775,http://www.bbc.co.uk/news/uk-politics-38762034,Yorkshire and The Humber,0.008832203775,
618,E14001039,Wigan,0.6271327758,NA,0.6271327758,,North West,,
440,E14000871,Oldham West and Royton,0.6271910457,0.6130829724,0.6130829724,http://www.bbc.co.uk/news/uk-politics-38762034,North West,-0.01410807334,
522,E14000944,South Shields,0.627933151,0.6205253267,0.6205253267,http://www.bbc.co.uk/news/uk-politics-38762034,North East,-0.00740782434,
451,E14000878,Peterborough,0.6288173193,0.6130959473,0.6130959473,http://www.bbc.co.uk/news/uk-politics-38762034,East of England,-0.01572137204,
608,E14001025,Wellingborough,0.6293857655,NA,0.6293857655,,East Midlands,,
475,E14000898,Rochester and Strood,0.6310526463,0.6368812299,0.6368812299,http://www.bbc.co.uk/news/uk-politics-38762034,South East,0.005828583592,
201,E14000670,Dover,0.6312986991,NA,0.6312986991,,South East,,
644,E14001058,Wyre Forest,0.6314547474,0.6314547474,0.6314547474,http://www.bbc.co.uk/news/uk-politics-38762034,West Midlands,0,
447,E14000875,Pendle,0.631542958,0.631542958,0.631542958,,North West,0,
438,E14000869,Old Bexley and Sidcup,0.6315823144,NA,0.6315823144,,London,,
605,E14001022,Waveney,0.6320988539,NA,0.6320988539,,East of England,,
550,E14001034,West Suffolk,0.6326052758,NA,0.6326052758,,East of England,,
241,E14000695,Erewash,0.633037158,NA,0.633037158,,East Midlands,,
650,E14000683,East Yorkshire,0.633133693,NA,0.633133693,,Yorkshire and The Humber,,
77,E14000579,Bolton South East,0.6342168192,NA,0.6342168192,,North West,,
361,E14000785,Leigh,0.6345288292,NA,0.6345288292,,North West,,
491,E14000961,St Austell and Newquay,0.6350799896,NA,0.6350799896,,South West,,
21,E14000537,Ashton-under-Lyne,0.6354520147,0.6180980255,0.6180980255,http://www.bbc.co.uk/news/uk-politics-38762034,North West,-0.01735398917,
594,E14001012,Walsall South,0.6364008321,0.6163527587,0.6163527587,http://www.bbc.co.uk/news/uk-politics-38762034,West Midlands,-0.02004807336,
508,E14000924,Sherwood,0.6376245162,NA,0.6376245162,,East Midlands,,
177,E14000659,Dartford,0.6403580012,NA,0.6403580012,,South East,,
261,E14000711,Gillingham and Rainham,0.6403901929,0.6358208955,0.6358208955,http://www.bbc.co.uk/news/uk-politics-38762034,South East,-0.004569297397,
74,E14000576,Bognor Regis and Littlehampton,0.6422377605,NA,0.6422377605,,South East,,
529,E14000966,Staffordshire Moorlands,0.6458231542,NA,0.6458231542,,West Midlands,,
110,E14000610,Burton,0.6462413639,NA,0.6462413639,,West Midlands,,
320,E14000754,Houghton and Sunderland South,0.6471321531,0.6243418578,0.6243418578,http://www.bbc.co.uk/news/uk-politics-38762034,North East,-0.0227902953,
137,E14000626,Chatham and Aylesford,0.6474851595,NA,0.6474851595,,South East,,
435,E14000868,Nuneaton,0.6475463211,NA,0.6475463211,,West Midlands,,
394,E14000819,Middlesbrough,0.649344265,0.6608364664,0.6608364664,http://www.bbc.co.uk/news/uk-politics-38762034,North East,0.01149220136,
567,E14000852,North Thanet,0.6496979873,NA,0.6496979873,,South East,,
385,E14000805,Makerfield,0.6500090381,NA,0.6500090381,,North West,,
395,E14000820,Middlesbrough South and East Cleveland,0.6500282112,NA,0.6500282112,,North East,,
537,E14000972,Stoke-on-Trent Central,0.6501656311,NA,0.6501656311,,West Midlands,,
55,E14000558,Bexleyheath and Crayford,0.6504957583,NA,0.6504957583,,London,,
541,E14000976,Stourbridge,0.6512021488,0.6366398328,0.6366398328,http://www.bbc.co.uk/news/uk-politics-38762034,West Midlands,-0.01456231596,
603,E14001020,Washington and Sunderland West,0.6513037396,0.618513324,0.618513324,http://www.bbc.co.uk/news/uk-politics-38762034,North East,-0.03279041561,
11,E14000533,Amber Valley,0.6533921445,NA,0.6533921445,,East Midlands,,
530,E14000945,South Staffordshire,0.6533940992,0.6524281719,0.6524281719,http://www.bbc.co.uk/news/uk-politics-38762034,West Midlands,-0.0009659273197,
275,E14000715,Gravesham,0.6537720795,0.6537720795,0.6537720795,,South East,0,
433,E14000866,Nottingham North,0.6549904627,0.6380805601,0.6380805601,http://www.bbc.co.uk/news/uk-politics-38762034,East Midlands,-0.01690990266,
327,E14000758,Hyndburn,0.6575179215,NA,0.6575179215,,North West,,
512,E14000927,Sittingbourne and Sheppey,0.6576125356,NA,0.6576125356,,South East,,
106,E14000606,Broxbourne,0.6581793055,NA,0.6581793055,,East of England,,
562,E14000986,Tamworth,0.660041137,NA,0.660041137,,West Midlands,,
423,E14000859,North West Norfolk,0.6614050216,NA,0.6614050216,,East of England,,
96,E14000596,Brigg and Goole,0.6620507891,NA,0.6620507891,,Yorkshire and The Humber,,
457,E14000883,Portsmouth North,0.6621672052,0.6369341446,0.6369341446,http://www.bbc.co.uk/news/uk-politics-38762034,South East,-0.02523306057,
425,E14000952,South West Norfolk,0.6625166752,NA,0.6625166752,,East of England,,
195,E14000668,Doncaster Central,0.6631997578,NA,0.6631997578,,Yorkshire and The Humber,,
282,E14000722,Halesowen and Rowley Regis,0.6634472733,NA,0.6634472733,,West Midlands,,
507,E14000920,Sheffield South East,0.6648992714,NA,0.6648992714,,Yorkshire and The Humber,,
535,E14000970,Stockton North,0.6650023263,NA,0.6650023263,,North East,,
221,E14000677,Easington,0.6657309975,NA,0.6657309975,,North East,,
109,E14000609,Burnley,0.6661279897,0.6661279897,0.6661279897,,North West,0,
69,E14000572,Blackpool North and Cleveleys,0.6685365381,NA,0.6685365381,,North West,,
481,E14000903,Rother Valley,0.668806443,0.6672198864,0.6672198864,http://www.bbc.co.uk/news/uk-politics-38762034,Yorkshire and The Humber,-0.001586556583,
32,E14000544,Basildon and Billericay,0.669165671,NA,0.669165671,,East of England,,
565,E14000989,Telford,0.670579494,NA,0.670579494,,West Midlands,,
303,E14000740,Hemsworth,0.6749755079,0.6812554559,0.6812554559,http://www.bbc.co.uk/news/uk-politics-38762034,Yorkshire and The Humber,0.006279948014,
466,E14000891,Redcar,0.6757391852,NA,0.6757391852,,North East,,
612,E14001029,West Bromwich East,0.6759402633,NA,0.6759402633,,West Midlands,,
602,E14000854,North Warwickshire,0.6777035648,NA,0.6777035648,,West Midlands,,
477,E14000900,Romford,0.6777974441,0.6928564916,0.6928564916,http://www.bbc.co.uk/news/uk-politics-38762034,London,0.01505904748,
70,E14000573,Blackpool South,0.6780391362,NA,0.6780391362,,North West,,
325,E14000773,Kingston upon Hull West and Hessle,0.6784460334,NA,0.6784460334,,Yorkshire and The Humber,,
463,E14000888,Rayleigh and Wickford,0.6788950925,NA,0.6788950925,,East of England,,
630,E14001049,Wolverhampton North East,0.6793002123,0.6770525193,0.6770525193,http://www.bbc.co.uk/news/uk-politics-38762034,West Midlands,-0.002247693027,
292,E14000729,Harlow,0.6801852808,NA,0.6801852808,,East of England,,
8,E14000531,Aldridge-Brownhills,0.6802282273,0.6779634958,0.6779634958,http://www.bbc.co.uk/news/uk-politics-38762034,West Midlands,-0.00226473148,
482,E14000904,Rotherham,0.6821762702,0.6834596314,0.6834596314,http://www.bbc.co.uk/news/uk-politics-38762034,Yorkshire and The Humber,0.001283361206,
35,E14000546,Bassetlaw,0.6832485971,NA,0.6832485971,,East Midlands,,
29,E14000541,Barnsley Central,0.6837815879,NA,0.6837815879,,Yorkshire and The Humber,,
153,E14000643,Cleethorpes,0.6841059823,NA,0.6841059823,,Yorkshire and The Humber,,
194,E14000667,Don Valley,0.6855959842,NA,0.6855959842,,Yorkshire and The Humber,,
452,E14000879,"Plymouth, Moor View",0.6879309549,0.6644024004,0.6644024004,http://www.bbc.co.uk/news/uk-politics-38762034,South West,-0.02352855449,
631,E14001050,Wolverhampton South East,0.6884065288,0.681449563,0.681449563,http://www.bbc.co.uk/news/uk-politics-38762034,West Midlands,-0.006956965804,
124,E14000618,Cannock Chase,0.6886035313,0.6886035313,0.6886035313,http://www.bbc.co.uk/news/uk-politics-38762034,West Midlands,0,
498,E14000914,Scunthorpe,0.6908634102,NA,0.6908634102,,Yorkshire and The Humber,,
613,E14001030,West Bromwich West,0.6913566785,NA,0.6913566785,,West Midlands,,
204,E14000671,Dudley North,0.6922548016,0.7143022556,0.7143022556,http://www.bbc.co.uk/news/uk-politics-38762034,West Midlands,0.02204745397,
378,E14000798,Louth and Horncastle,0.6942533714,NA,0.6942533714,,East Midlands,,
120,E14000842,North East Cambridgeshire,0.6944604007,NA,0.6944604007,,East of England,,
317,E14000751,Hornchurch and Upminster,0.6945280661,0.6949469368,0.6949469368,http://www.bbc.co.uk/news/uk-politics-38762034,London,0.0004188707409,
296,E14000733,Hartlepool,0.6956832972,0.6956832972,0.6956832972,,North East,0,
175,E14000657,Dagenham and Rainham,0.6992601589,NA,0.6992601589,,London,,
205,E14000672,Dudley South,0.7015973437,0.7041731849,0.7041731849,http://www.bbc.co.uk/news/uk-politics-38762034,West Midlands,0.002575841243,
276,E14000716,Great Grimsby,0.7019353249,0.7144662955,0.7144662955,http://www.bbc.co.uk/news/uk-politics-38762034,Yorkshire and The Humber,0.01253097065,
571,E14000995,Thurrock,0.7025913649,NA,0.7025913649,,East of England,,
75,E14000577,Bolsover,0.7027221264,NA,0.7027221264,,East Midlands,,
19,E14000535,Ashfield,0.7057585002,NA,0.7057585002,,East Midlands,,
611,E14001028,Wentworth and Dearne,0.707029144,0.689750761,0.689750761,https://timawells.wordpress.com/2016/08/30/rotherham-borough-eu-referendum-results-by-ward-and-constituency-freedom-of-information/,Yorkshire and The Humber,-0.01727838296,
30,E14000542,Barnsley East,0.7077794137,NA,0.7077794137,,Yorkshire and The Humber,,
426,E14000836,"Normanton, Pontefract and Castleford",0.7082479334,0.6925528289,0.6925528289,http://www.bbc.co.uk/news/uk-politics-38762034,Yorkshire and The Humber,-0.01569510447,
539,E14000974,Stoke-on-Trent South,0.7084797992,NA,0.7084797992,,West Midlands,,
390,E14000810,Mansfield,0.7086291353,0.7086291353,0.7086291353,,East Midlands,0,
152,E14000642,Clacton,0.7107657381,NA,0.7107657381,,East of England,,
520,E14000939,South Holland and The Deepings,0.7117795959,NA,0.7117795959,,East Midlands,,
277,E14000717,Great Yarmouth,0.7150494733,0.7150494733,0.7150494733,,East of England,0,
593,E14001011,Walsall North,0.7186128751,0.7418521817,0.7418521817,http://www.bbc.co.uk/news/uk-politics-38762034,West Midlands,0.02323930663,
196,E14000669,Doncaster North,0.7206050853,NA,0.7206050853,,Yorkshire and The Humber,,
538,E14000973,Stoke-on-Trent North,0.7212336987,NA,0.7212336987,,West Midlands,,
323,E14000771,Kingston upon Hull East,0.7263315426,NA,0.7263315426,,Yorkshire and The Humber,,
134,E14000622,Castle Point,0.7269939242,0.7269939242,0.7269939242,,East of England,0,
33,E14000933,South Basildon and East Thurrock,0.7307870602,NA,0.7307870602,,East of England,,
80,E14000582,Boston and Skegness,0.7496077813,NA,0.7496077813,,East Midlands,,